.model,RMSE,MAE,MAPE,MASE,RMSSE
SNAIVE,58.65155518073105,53.64877193118656,4.384955130968914,NA,NA
DRIFT,87.30218542002822,79.24905552925453,6.427022844590558,NA,NA
NAIVE,104.10060039796883,96.30070468701291,7.809803002204619,NA,NA
MEAN,246.81475488256265,241.1340126310163,19.694708650380726,NA,NA
